label,ble,ble err,naiveblisp,naiveblisp err,naivewisp,naivewisp err,rndto10blisp,rndto10blisp err,rndto3blisp,rndto3blisp err
Out of range,221.042000,0.000000,312.780000,0.000000,169.698000,0.000000,212.630000,0.000000,307.362000,0.000000
In range,190.766000,0.000000,80.914000,0.000000,36.890000,0.000000,190.486000,0.000000,80.054000,0.000000
