label,ble,ble err,naiveblisp,naiveblisp err,naivewisp,naivewisp err,rndto10blisp,rndto10blisp err,rndto3blisp,rndto3blisp err
Out of range,0.019608,0.000000,0.026613,0.000000,0,0.000000,0.018527,0.000000,0.026319,0.000000
In range,0.016055,0.000000,0.006337,0.000000,0.003001,0.000000,0.016345,0.000000,0.006401,0.000000
