label,ble,ble err,naiveblisp,naiveblisp err,naivewisp,naivewisp err,rndto10blisp,rndto10blisp err,rndto3blisp,rndto3blisp err
Out of range,11272.800000,0.000000,11752.800000,0.000000,0.000000,0.000000,11476.800000,0.000000,11678.400000,0.000000
In range,11882.400000,0.000000,12768.000000,0.000000,12292.800000,0.000000,11654.400000,0.000000,12506.400000,0.000000
